-- One admin user, named admin1 with passwor 4dm1n and authority admin
--INSERT INTO users(username,password,enabled) VALUES ('admin1','4dm1n',TRUE);
--INSERT INTO authorities(id,username,authority) VALUES (1,'admin1','admin');
-- One owner user, named owner1 with passwor 0wn3r
--INSERT INTO users(username,password,enabled) VALUES ('owner1','0wn3r',TRUE);
--INSERT INTO authorities(id,username,authority) VALUES (2,'owner1','owner');
-- One vet user, named vet1 with passwor v3t
--INSERT INTO users(username,password,enabled) VALUES ('vet1','v3t',TRUE);
--INSERT INTO authorities(id,username,authority) VALUES (3,'vet1','veterinarian');
-- alepridur
--INSERT INTO users(username,password,enabled) VALUES ('ale','al3',TRUE);
--INSERT INTO authorities(id,username,authority) VALUES (4,'ale','owner');
-- alegalpel
--INSERT INTO users(username,password,enabled) VALUES ('alegalpel','Thealexan28',TRUE);
--INSERT INTO authorities(id,username,authority) VALUES (5,'alegalpel','owner');

-- Admins
INSERT INTO users(username,password,enabled) VALUES ('xtreme','xtr3m3',TRUE);
INSERT INTO admins(id, first_name, last_name, username, email) VALUES (1,'Parchis','Oca','xtreme','xtreme@xtreme.com');
INSERT INTO authorities(id,username,authority) VALUES (1,'xtreme','admin');

-- Players
INSERT INTO users(username,password,enabled) VALUES ('Hamil','abcd',TRUE);
INSERT INTO players(id, first_name, last_name, username, email,is_online,pic_profile) VALUES (1,'James','Carter','Hamil','aaasss@gmail.com',FALSE,'https://encrypted-tbn0.gstatic.com/images?q=tbn:ANd9GcQdnLgVOTqJ1bMAiB3nUFTSK5p7SvctUcHF0g&usqp=CAU');
INSERT INTO authorities(id,username,authority) VALUES (2,'Hamil','player');

INSERT INTO users(username,password,enabled) VALUES ('elon','musk',TRUE);
INSERT INTO players(id, first_name, last_name, username, email,is_online,pic_profile) VALUES (2,'Elon','Musk','elon','elon777@gmail.com',FALSE,'https://encrypted-tbn0.gstatic.com/images?q=tbn:ANd9GcSSCNjL_xJ_VGaNFfQQvtjzqHfbXQBMcTmMTw&usqp=CAU');
INSERT INTO authorities(id,username,authority) VALUES (3,'elon','player');

INSERT INTO users(username,password,enabled) VALUES ('harry','maguire',TRUE);
INSERT INTO players(id, first_name, last_name, username, email,is_online,pic_profile) VALUES (3,'harry','maguire','harry','diablosRojos@gmail.com',FALSE,'https://encrypted-tbn0.gstatic.com/images?q=tbn:ANd9GcTsDo9LQ-Zw5EFDG-GpCOGYGB5F5k6RMmEYAw&usqp=CAU');
INSERT INTO authorities(id,username,authority) VALUES (4,'harry','player');

INSERT INTO users(username,password,enabled) VALUES ('xavi','xavineta',TRUE);
INSERT INTO players(id, first_name, last_name, username, email,is_online,pic_profile) VALUES (4,'Xavi','Hernandez','xavi','europaLeague@gmail.com',FALSE,'https://encrypted-tbn0.gstatic.com/images?q=tbn:ANd9GcTsDo9LQ-Zw5EFDG-GpCOGYGB5F5k6RMmEYAw&usqp=CAU');
INSERT INTO authorities(id,username,authority) VALUES (5,'xavi','player');

INSERT INTO users(username,password,enabled) VALUES ('juan','contraseña12345',TRUE);
INSERT INTO players(id, first_name, last_name, username, email,is_online,pic_profile) VALUES (5,'Juan','Martinez','juan','prueba@gmail.com',TRUE,'https://encrypted-tbn0.gstatic.com/images?q=tbn:ANd9GcTsDo9LQ-Zw5EFDG-GpCOGYGB5F5k6RMmEYAw&usqp=CAU');
INSERT INTO authorities(id,username,authority) VALUES (6,'juan','player');

INSERT INTO users(username,password,enabled) VALUES ('user1','contraseña12345',TRUE);
INSERT INTO players(id, first_name, last_name, username, email,is_online,pic_profile) VALUES (6,'User1','User_lastName1','user1','prueba1@gmail.com',FALSE,'https://encrypted-tbn0.gstatic.com/images?q=tbn:ANd9GcTsDo9LQ-Zw5EFDG-GpCOGYGB5F5k6RMmEYAw&usqp=CAU');
INSERT INTO authorities(id,username,authority) VALUES (7,'user1','player');

INSERT INTO users(username,password,enabled) VALUES ('user2','contraseña12345',TRUE);
INSERT INTO players(id, first_name, last_name, username, email,is_online,pic_profile) VALUES (7,'User2','User_lastName2','user2','prueba2@gmail.com',TRUE,'https://encrypted-tbn0.gstatic.com/images?q=tbn:ANd9GcTsDo9LQ-Zw5EFDG-GpCOGYGB5F5k6RMmEYAw&usqp=CAU');
INSERT INTO authorities(id,username,authority) VALUES (8,'user2','player');

INSERT INTO users(username,password,enabled) VALUES ('user3','contraseña12345',TRUE);
INSERT INTO players(id, first_name, last_name, username, email,is_online,pic_profile) VALUES (8,'User3','User_lastName3','user3','prueba3@gmail.com',FALSE,'https://encrypted-tbn0.gstatic.com/images?q=tbn:ANd9GcTsDo9LQ-Zw5EFDG-GpCOGYGB5F5k6RMmEYAw&usqp=CAU');
INSERT INTO authorities(id,username,authority) VALUES (9,'user3','player');

INSERT INTO users(username,password,enabled) VALUES ('user4','contraseña12345',TRUE);
INSERT INTO players(id, first_name, last_name, username, email,is_online,pic_profile) VALUES (9,'User4','User_lastName4','user4','prueba4@gmail.com',FALSE,'https://encrypted-tbn0.gstatic.com/images?q=tbn:ANd9GcTsDo9LQ-Zw5EFDG-GpCOGYGB5F5k6RMmEYAw&usqp=CAU');
INSERT INTO authorities(id,username,authority) VALUES (10,'user4','player');

INSERT INTO users(username,password,enabled) VALUES ('user5','contraseña12345',TRUE);
INSERT INTO players(id, first_name, last_name, username, email,is_online,pic_profile) VALUES (10,'User5','User_lastName5','user5','prueba5@gmail.com',FALSE,'https://encrypted-tbn0.gstatic.com/images?q=tbn:ANd9GcTsDo9LQ-Zw5EFDG-GpCOGYGB5F5k6RMmEYAw&usqp=CAU');
INSERT INTO authorities(id,username,authority) VALUES (11,'user5','player');

INSERT INTO users(username,password,enabled) VALUES ('user6','contraseña12345',TRUE);
INSERT INTO players(id, first_name, last_name, username, email,is_online,pic_profile) VALUES (11,'User6','User_lastName6','user6','prueba6@gmail.com',FALSE,'https://encrypted-tbn0.gstatic.com/images?q=tbn:ANd9GcTsDo9LQ-Zw5EFDG-GpCOGYGB5F5k6RMmEYAw&usqp=CAU');
INSERT INTO authorities(id,username,authority) VALUES (12,'user6','player');

INSERT INTO users(username,password,enabled) VALUES ('user7','contraseña12345',TRUE);
INSERT INTO players(id, first_name, last_name, username, email,is_online,pic_profile) VALUES (12,'User7','User_lastName7','user7','prueba7@gmail.com',FALSE,'https://encrypted-tbn0.gstatic.com/images?q=tbn:ANd9GcTsDo9LQ-Zw5EFDG-GpCOGYGB5F5k6RMmEYAw&usqp=CAU');
INSERT INTO authorities(id,username,authority) VALUES (13,'user7','player');

INSERT INTO users(username,password,enabled) VALUES ('user8','contraseña12345',TRUE);
INSERT INTO players(id, first_name, last_name, username, email,is_online,pic_profile) VALUES (13,'User8','User_lastName8','user8','prueba8@gmail.com',FALSE,'https://encrypted-tbn0.gstatic.com/images?q=tbn:ANd9GcTsDo9LQ-Zw5EFDG-GpCOGYGB5F5k6RMmEYAw&usqp=CAU');
INSERT INTO authorities(id,username,authority) VALUES (14,'user8','player');

INSERT INTO users(username,password,enabled) VALUES ('user9','contraseña12345',TRUE);
INSERT INTO players(id, first_name, last_name, username, email,is_online,pic_profile) VALUES (14,'User9','User_lastName9','user9','prueba9@gmail.com',FALSE,'https://encrypted-tbn0.gstatic.com/images?q=tbn:ANd9GcTsDo9LQ-Zw5EFDG-GpCOGYGB5F5k6RMmEYAw&usqp=CAU');
INSERT INTO authorities(id,username,authority) VALUES (15,'user9','player');

INSERT INTO users(username,password,enabled) VALUES ('user10','contraseña12345',TRUE);
INSERT INTO players(id, first_name, last_name, username, email,is_online,pic_profile) VALUES (15,'User10','User_lastName10','user10','prueba10@gmail.com',FALSE,'https://encrypted-tbn0.gstatic.com/images?q=tbn:ANd9GcTsDo9LQ-Zw5EFDG-GpCOGYGB5F5k6RMmEYAw&usqp=CAU');
INSERT INTO authorities(id,username,authority) VALUES (16,'user10','player');

INSERT INTO friendships (state,player1,player2) VALUES ('ACCEPTED',1,2); -- SE PONE EL PLAYER ID
INSERT INTO friendships (state,player1,player2) VALUES ('ACCEPTED',1,3);
INSERT INTO friendships (state,player1,player2) VALUES ('ACCEPTED',1,5);
INSERT INTO friendships (state,player1,player2) VALUES ('ACCEPTED',1,7);
INSERT INTO friendships (state,player1,player2) VALUES ('PENDING',3,4);
INSERT INTO friendships (state,player1,player2) VALUES ('PENDING',1,4);
INSERT INTO friendships (state,player1,player2) VALUES ('PENDING',1,13);
INSERT INTO friendships (state,player1,player2) VALUES ('PENDING',6,1);


INSERT INTO game(id, num_players, type_game, game_name, creator_player, is_public, chat_id,state_game,player_winner) VALUES
(1,3,'PARCHIS', 'Partida 1', 1, TRUE, null,'FINISHED',1);
INSERT INTO game(id, num_players, type_game, game_name, creator_player, is_public, chat_id,state_game,player_winner) VALUES
(2,2,'OCA', 'Partida 2', 2, TRUE, null,'FINISHED',1);
INSERT INTO game(id, num_players, type_game, game_name, creator_player, is_public, chat_id,state_game,player_winner) VALUES
(3,3,'PARCHIS', 'Partida 3', 10, TRUE, null,'FINISHED',10);
INSERT INTO game(id, num_players, type_game, game_name, creator_player, is_public, chat_id,state_game) VALUES
(4,4,'OCA', 'Partida 4', 12, TRUE, null,'STARTED');
INSERT INTO game(id, num_players, type_game, game_name, creator_player, is_public, chat_id,state_game) VALUES
(5,3,'PARCHIS', 'Partida 5', 13, TRUE, null,'STARTED');
INSERT INTO game(id, num_players, type_game, game_name, creator_player, is_public, chat_id,state_game) VALUES
(6,3,'OCA', 'Partida 6', 5, FALSE, null,'WAITING_PLAYERS');
INSERT INTO game(id, num_players, type_game, game_name, creator_player, is_public, chat_id,state_game) VALUES
(7,4,'OCA', 'Partida 7', 6, TRUE, null,'WAITING_PLAYERS');
INSERT INTO game(id, num_players, type_game, game_name, creator_player, is_public, chat_id,state_game) VALUES
(8,4,'OCA', 'Partida 8', 8, TRUE, null,'WAITING_PLAYERS');
INSERT INTO game(id, num_players, type_game, game_name, creator_player, is_public, chat_id,state_game) VALUES
(9,2,'PARCHIS', 'Partida 9', 15, TRUE, null,'WAITING_PLAYERS');

INSERT INTO rel_games_players(game_id,player_id) VALUES (1,1),(1,2),(1,3),(1,4),(2,1),(2,7),(2,2),(2,8),(3,1),
(3,10),(4,12),(4,11),(4,9),(5,5),(5,13),(6,12),(6,5),(7,6),(8,8),(8,10),(9,15),(9,14);

INSERT INTO parchis_cell(position) VALUES(101);
INSERT INTO parchis_cell(position) VALUES(102);
INSERT INTO parchis_cell(position) VALUES(103);
INSERT INTO parchis_cell(position) VALUES(104);
INSERT INTO parchis_cell(position) VALUES(1);
INSERT INTO parchis_cell(position) VALUES(2);
INSERT INTO parchis_cell(position) VALUES(3);
INSERT INTO parchis_cell(position) VALUES(4);
INSERT INTO parchis_cell(position) VALUES(5);
INSERT INTO parchis_cell(position) VALUES(6);
INSERT INTO parchis_cell(position) VALUES(7);
INSERT INTO parchis_cell(position) VALUES(8);
INSERT INTO parchis_cell(position) VALUES(9);
INSERT INTO parchis_cell(position) VALUES(10);
INSERT INTO parchis_cell(position) VALUES(11);
INSERT INTO parchis_cell(position) VALUES(12);
INSERT INTO parchis_cell(position) VALUES(13);
INSERT INTO parchis_cell(position) VALUES(14);
INSERT INTO parchis_cell(position) VALUES(15);
INSERT INTO parchis_cell(position) VALUES(16);
INSERT INTO parchis_cell(position) VALUES(17);
INSERT INTO parchis_cell(position) VALUES(18);
INSERT INTO parchis_cell(position) VALUES(19);
INSERT INTO parchis_cell(position) VALUES(20);
INSERT INTO parchis_cell(position) VALUES(21);
INSERT INTO parchis_cell(position) VALUES(22);
INSERT INTO parchis_cell(position) VALUES(23);
INSERT INTO parchis_cell(position) VALUES(24);
INSERT INTO parchis_cell(position) VALUES(25);
INSERT INTO parchis_cell(position) VALUES(26);
INSERT INTO parchis_cell(position) VALUES(27);
INSERT INTO parchis_cell(position) VALUES(28);
INSERT INTO parchis_cell(position) VALUES(29);
INSERT INTO parchis_cell(position) VALUES(30);
INSERT INTO parchis_cell(position) VALUES(31);
INSERT INTO parchis_cell(position) VALUES(32);
INSERT INTO parchis_cell(position) VALUES(33);
INSERT INTO parchis_cell(position) VALUES(34);
INSERT INTO parchis_cell(position) VALUES(35);
INSERT INTO parchis_cell(position) VALUES(36);
INSERT INTO parchis_cell(position) VALUES(37);
INSERT INTO parchis_cell(position) VALUES(38);
INSERT INTO parchis_cell(position) VALUES(39);
INSERT INTO parchis_cell(position) VALUES(40);
INSERT INTO parchis_cell(position) VALUES(41);
INSERT INTO parchis_cell(position) VALUES(42);
INSERT INTO parchis_cell(position) VALUES(43);
INSERT INTO parchis_cell(position) VALUES(44);
INSERT INTO parchis_cell(position) VALUES(45);
INSERT INTO parchis_cell(position) VALUES(46);
INSERT INTO parchis_cell(position) VALUES(47);
INSERT INTO parchis_cell(position) VALUES(48);
INSERT INTO parchis_cell(position) VALUES(49);
INSERT INTO parchis_cell(position) VALUES(50);
INSERT INTO parchis_cell(position) VALUES(51);
INSERT INTO parchis_cell(position) VALUES(52);
INSERT INTO parchis_cell(position) VALUES(53);
INSERT INTO parchis_cell(position) VALUES(54);
INSERT INTO parchis_cell(position) VALUES(55);
INSERT INTO parchis_cell(position) VALUES(56);
INSERT INTO parchis_cell(position) VALUES(57);
INSERT INTO parchis_cell(position) VALUES(58);
INSERT INTO parchis_cell(position) VALUES(59);
INSERT INTO parchis_cell(position) VALUES(60);
INSERT INTO parchis_cell(position) VALUES(61);
INSERT INTO parchis_cell(position) VALUES(62);
INSERT INTO parchis_cell(position) VALUES(63);
INSERT INTO parchis_cell(position) VALUES(64);
INSERT INTO parchis_cell(position) VALUES(65);
INSERT INTO parchis_cell(position) VALUES(66);
INSERT INTO parchis_cell(position) VALUES(67);
INSERT INTO parchis_cell(position) VALUES(68);
INSERT INTO parchis_cell(position) VALUES(69);
INSERT INTO parchis_cell(position) VALUES(70);
INSERT INTO parchis_cell(position) VALUES(71);
INSERT INTO parchis_cell(position) VALUES(72);
INSERT INTO parchis_cell(position) VALUES(73);
INSERT INTO parchis_cell(position) VALUES(74);
INSERT INTO parchis_cell(position) VALUES(75);
INSERT INTO parchis_cell(position) VALUES(76);
INSERT INTO parchis_cell(position) VALUES(77);
INSERT INTO parchis_cell(position) VALUES(78);
INSERT INTO parchis_cell(position) VALUES(79);
INSERT INTO parchis_cell(position) VALUES(80);
INSERT INTO parchis_cell(position) VALUES(81);
INSERT INTO parchis_cell(position) VALUES(82);
INSERT INTO parchis_cell(position) VALUES(83);
INSERT INTO parchis_cell(position) VALUES(84);
INSERT INTO parchis_cell(position) VALUES(85);
INSERT INTO parchis_cell(position) VALUES(86);
INSERT INTO parchis_cell(position) VALUES(87);
INSERT INTO parchis_cell(position) VALUES(88);
INSERT INTO parchis_cell(position) VALUES(89);
INSERT INTO parchis_cell(position) VALUES(90);
INSERT INTO parchis_cell(position) VALUES(91);
INSERT INTO parchis_cell(position) VALUES(92);
INSERT INTO parchis_cell(position) VALUES(93);
INSERT INTO parchis_cell(position) VALUES(94);
INSERT INTO parchis_cell(position) VALUES(95);
INSERT INTO parchis_cell(position) VALUES(96);
INSERT INTO parchis_cell(position) VALUES(97);
INSERT INTO parchis_cell(position) VALUES(98);
INSERT INTO parchis_cell(position) VALUES(99);
INSERT INTO parchis_cell(position) VALUES(100);

INSERT INTO parchis_cell_position (position_id,position_x,position_y, position ) VALUES ('R1',100.5,100.5,101);
INSERT INTO parchis_cell_position (position_id,position_x,position_y, position ) VALUES ('R2',250.5,100.5,101);
INSERT INTO parchis_cell_position (position_id,position_x,position_y, position ) VALUES ('R3',100.5, 250.5,101);
INSERT INTO parchis_cell_position (position_id,position_x,position_y, position ) VALUES ('R4',250.5,250.5,101);
INSERT INTO parchis_cell_position (position_id,position_x,position_y, position ) VALUES ('Y1',100.5,900.5,102);
INSERT INTO parchis_cell_position (position_id,position_x,position_y, position ) VALUES ('Y2',250.5,900.5,102);
INSERT INTO parchis_cell_position (position_id,position_x,position_y, position ) VALUES ('Y3',100.5, 1050.5,102);
INSERT INTO parchis_cell_position (position_id,position_x,position_y, position ) VALUES ('Y4',250.5, 1050.5,102);
INSERT INTO parchis_cell_position (position_id,position_x,position_y, position ) VALUES ('G1',900.5, 900.5,103);
INSERT INTO parchis_cell_position (position_id,position_x,position_y, position ) VALUES ('G2',1050.5, 900.5,103);
INSERT INTO parchis_cell_position (position_id,position_x,position_y, position ) VALUES ('G3',900.5, 1050.5,103);
INSERT INTO parchis_cell_position (position_id,position_x,position_y, position ) VALUES ('G4',1050.5, 1050.5,103);
INSERT INTO parchis_cell_position (position_id,position_x,position_y, position ) VALUES ('B1',900.5, 100.5,104);
INSERT INTO parchis_cell_position (position_id,position_x,position_y, position ) VALUES ('B2',1050.5, 100.5,104);
INSERT INTO parchis_cell_position (position_id,position_x,position_y, position ) VALUES ('B3',900.5, 250.5,104);
INSERT INTO parchis_cell_position (position_id,position_x,position_y, position ) VALUES ('B4',1050.5,150.5,104);
INSERT INTO parchis_cell_position (position_id,position_x,position_y, position ) VALUES ('1A',425.5,175.5,1);
INSERT INTO parchis_cell_position (position_id,position_x,position_y, position ) VALUES ('1B',560.5, 175.5,1);
INSERT INTO parchis_cell_position (position_id,position_x,position_y, position ) VALUES ('1C',390.5, 175.5,1);
INSERT INTO parchis_cell_position (position_id,position_x,position_y, position ) VALUES ('2A',425.5,225.5,2);
INSERT INTO parchis_cell_position (position_id,position_x,position_y, position ) VALUES ('2B',560.5, 225.5,2);
INSERT INTO parchis_cell_position (position_id,position_x,position_y, position ) VALUES ('2C',390.5, 225.5,2);
INSERT INTO parchis_cell_position (position_id,position_x,position_y, position ) VALUES ('3A',425.5, 275.5,3);
INSERT INTO parchis_cell_position (position_id,position_x,position_y, position ) VALUES ('3B',560.5, 275.5,3);
INSERT INTO parchis_cell_position (position_id,position_x,position_y, position ) VALUES ('3C',390.5, 275.5,3);
INSERT INTO parchis_cell_position (position_id,position_x,position_y, position ) VALUES ('4A',425.5,325.5,4);
INSERT INTO parchis_cell_position (position_id,position_x,position_y, position ) VALUES ('4B',560.5, 325.5,4);
INSERT INTO parchis_cell_position (position_id,position_x,position_y, position ) VALUES ('4C',390.5,325.5,4);
INSERT INTO parchis_cell_position (position_id,position_x,position_y, position ) VALUES ('5A',450.5, 375.5,5);
INSERT INTO parchis_cell_position (position_id,position_x,position_y, position ) VALUES ('5B',475.5, 375.5,5);
INSERT INTO parchis_cell_position (position_id,position_x,position_y, position ) VALUES ('5C',420.5,375.5,5);
INSERT INTO parchis_cell_position (position_id,position_x,position_y, position ) VALUES ('6A',375.5, 450.5,6);
INSERT INTO parchis_cell_position (position_id,position_x,position_y, position ) VALUES ('6B',375.5,475.5,6);
INSERT INTO parchis_cell_position (position_id,position_x,position_y, position ) VALUES ('6C',375.5, 420.5,6);
INSERT INTO parchis_cell_position (position_id,position_x,position_y, position ) VALUES ('7A',325.5,425.5,7);
INSERT INTO parchis_cell_position (position_id,position_x,position_y, position ) VALUES ('7B',325.5, 460.5,7);
INSERT INTO parchis_cell_position (position_id,position_x,position_y, position ) VALUES ('7C',325.5, 390.5,7);
INSERT INTO parchis_cell_position (position_id,position_x,position_y, position ) VALUES ('8A',275.5,425.5,8);
INSERT INTO parchis_cell_position (position_id,position_x,position_y, position ) VALUES ('8B',275.5, 460.5,8);
INSERT INTO parchis_cell_position (position_id,position_x,position_y, position ) VALUES ('8C',275.5, 390.5,8);
INSERT INTO parchis_cell_position (position_id,position_x,position_y, position ) VALUES ('9A',225.5, 425.5,9);
INSERT INTO parchis_cell_position (position_id,position_x,position_y, position ) VALUES ('9B',225.5, 460.5,9);
INSERT INTO parchis_cell_position (position_id,position_x,position_y, position ) VALUES ('9C',225.5, 390.5,9);
INSERT INTO parchis_cell_position (position_id,position_x,position_y, position ) VALUES ('10A',175.5, 425.5,10);
INSERT INTO parchis_cell_position (position_id,position_x,position_y, position ) VALUES ('10B',175.5, 460.5,10);
INSERT INTO parchis_cell_position (position_id,position_x,position_y, position ) VALUES ('10C',175.5, 390.5,10);
INSERT INTO parchis_cell_position (position_id,position_x,position_y, position ) VALUES ('11A',125.5, 425.5,11);
INSERT INTO parchis_cell_position (position_id,position_x,position_y, position ) VALUES ('11B',125.5, 460.5,11);
INSERT INTO parchis_cell_position (position_id,position_x,position_y, position ) VALUES ('11C',125.5, 390.5,11);
INSERT INTO parchis_cell_position (position_id,position_x,position_y, position ) VALUES ('12A',75.5, 425.5,12);
INSERT INTO parchis_cell_position (position_id,position_x,position_y, position ) VALUES ('12B',75.5, 460.5,12);
INSERT INTO parchis_cell_position (position_id,position_x,position_y, position ) VALUES ('12C',75.5, 390.5,12);
INSERT INTO parchis_cell_position (position_id,position_x,position_y, position ) VALUES ('13A',25.5, 425.5,13);
INSERT INTO parchis_cell_position (position_id,position_x,position_y, position ) VALUES ('13B',25.5, 460.5,13);
INSERT INTO parchis_cell_position (position_id,position_x,position_y, position ) VALUES ('13C',25.5, 390.5,13);
INSERT INTO parchis_cell_position (position_id,position_x,position_y, position ) VALUES ('14A',25.5, 575.5,14);
INSERT INTO parchis_cell_position (position_id,position_x,position_y, position ) VALUES ('14B',25.5, 610.5,14);
INSERT INTO parchis_cell_position (position_id,position_x,position_y, position ) VALUES ('14C',25.5, 540.5,14);
INSERT INTO parchis_cell_position (position_id,position_x,position_y, position ) VALUES ('15A',25.5, 725.5,15);
INSERT INTO parchis_cell_position (position_id,position_x,position_y, position ) VALUES ('15B',25.5, 690.5,15);
INSERT INTO parchis_cell_position (position_id,position_x,position_y, position ) VALUES ('15C',25.5, 760.5,15);
INSERT INTO parchis_cell_position (position_id,position_x,position_y, position ) VALUES ('16A',75.5, 725.5,16);
INSERT INTO parchis_cell_position (position_id,position_x,position_y, position ) VALUES ('16B',75.5, 690.5,16);
INSERT INTO parchis_cell_position (position_id,position_x,position_y, position ) VALUES ('16C',75.5, 760.5,16);
INSERT INTO parchis_cell_position (position_id,position_x,position_y, position ) VALUES ('17B',125.5, 690.5,17);
INSERT INTO parchis_cell_position (position_id,position_x,position_y, position ) VALUES ('17C',125.5, 760.5,17);
INSERT INTO parchis_cell_position (position_id,position_x,position_y, position ) VALUES ('18A',175.5, 725.5,17);
INSERT INTO parchis_cell_position (position_id,position_x,position_y, position ) VALUES ('18B',175.5, 690.5,18);
INSERT INTO parchis_cell_position (position_id,position_x,position_y, position ) VALUES ('18C',175.5, 760.5,18);
INSERT INTO parchis_cell_position (position_id,position_x,position_y, position ) VALUES ('19A',225.5, 725.5,18);
INSERT INTO parchis_cell_position (position_id,position_x,position_y, position ) VALUES ('19B',225.5, 690.5,19);
INSERT INTO parchis_cell_position (position_id,position_x,position_y, position ) VALUES ('19C',225.5, 760.5,19);
INSERT INTO parchis_cell_position (position_id,position_x,position_y, position ) VALUES ('20A',275.5, 725.5,19);
INSERT INTO parchis_cell_position (position_id,position_x,position_y, position ) VALUES ('20B',275.5, 690.5,20);
INSERT INTO parchis_cell_position (position_id,position_x,position_y, position ) VALUES ('20C',275.5, 760.5,20);
INSERT INTO parchis_cell_position (position_id,position_x,position_y, position ) VALUES ('21A',325.5, 725.5,20);
INSERT INTO parchis_cell_position (position_id,position_x,position_y, position ) VALUES ('21B',325.5, 690.5,21);
INSERT INTO parchis_cell_position (position_id,position_x,position_y, position ) VALUES ('21C',325.5, 760.5,21);
INSERT INTO parchis_cell_position (position_id,position_x,position_y, position ) VALUES ('22A',375.5, 700.5,21);
INSERT INTO parchis_cell_position (position_id,position_x,position_y, position ) VALUES ('22B',375.5, 675.5,22);
INSERT INTO parchis_cell_position (position_id,position_x,position_y, position ) VALUES ('22C',375.5, 730.5,22);
INSERT INTO parchis_cell_position (position_id,position_x,position_y, position ) VALUES ('23A',450.5, 775.5,22);
INSERT INTO parchis_cell_position (position_id,position_x,position_y, position ) VALUES ('23B',475.5, 775.5,23);
INSERT INTO parchis_cell_position (position_id,position_x,position_y, position ) VALUES ('23C',420.5, 775.5,23);
INSERT INTO parchis_cell_position (position_id,position_x,position_y, position ) VALUES ('24A',425.5, 825.5,23);
INSERT INTO parchis_cell_position (position_id,position_x,position_y, position ) VALUES ('24B',460.5, 825.5,24);
INSERT INTO parchis_cell_position (position_id,position_x,position_y, position ) VALUES ('24C',390.5, 825.5,24);
INSERT INTO parchis_cell_position (position_id,position_x,position_y, position ) VALUES ('25A',425.5, 875.5,24);
INSERT INTO parchis_cell_position (position_id,position_x,position_y, position ) VALUES ('25B',460.5, 875.5,25);
INSERT INTO parchis_cell_position (position_id,position_x,position_y, position ) VALUES ('25C',390.5, 875.5,25);
INSERT INTO parchis_cell_position (position_id,position_x,position_y, position ) VALUES ('26A',425.5, 925.5,25);
INSERT INTO parchis_cell_position (position_id,position_x,position_y, position ) VALUES ('26B',460.5, 925.5,26);
INSERT INTO parchis_cell_position (position_id,position_x,position_y, position ) VALUES ('26C',390.5, 925.5,26);
INSERT INTO parchis_cell_position (position_id,position_x,position_y, position ) VALUES ('27A',425.5, 975.5,26);
INSERT INTO parchis_cell_position (position_id,position_x,position_y, position ) VALUES ('27B',460.5, 975.5,27);
INSERT INTO parchis_cell_position (position_id,position_x,position_y, position ) VALUES ('27C',390.5, 975.5,27);
INSERT INTO parchis_cell_position (position_id,position_x,position_y, position ) VALUES ('28A',425.5, 1025.5,27);
INSERT INTO parchis_cell_position (position_id,position_x,position_y, position ) VALUES ('28B',460.5, 1025.5,28);
INSERT INTO parchis_cell_position (position_id,position_x,position_y, position ) VALUES ('28C',390.5, 1025.5,28);
INSERT INTO parchis_cell_position (position_id,position_x,position_y, position ) VALUES ('29A',425.5, 1075.5,28);
INSERT INTO parchis_cell_position (position_id,position_x,position_y, position ) VALUES ('29B',460.5, 1075.5,29);
INSERT INTO parchis_cell_position (position_id,position_x,position_y, position ) VALUES ('29C',390.5, 1075.5,29);
INSERT INTO parchis_cell_position (position_id,position_x,position_y, position ) VALUES ('30A',425.5, 1125.5,29);
INSERT INTO parchis_cell_position (position_id,position_x,position_y, position ) VALUES ('30B',460.5, 1125.5,30);
INSERT INTO parchis_cell_position (position_id,position_x,position_y, position ) VALUES ('30C',390.5, 1125.5,30);
INSERT INTO parchis_cell_position (position_id,position_x,position_y, position ) VALUES ('31A',575.5, 1125.5,30);
INSERT INTO parchis_cell_position (position_id,position_x,position_y, position ) VALUES ('31B',610.5, 1125.5,31);
INSERT INTO parchis_cell_position (position_id,position_x,position_y, position ) VALUES ('31C',540.5, 1125.5,31);
INSERT INTO parchis_cell_position (position_id,position_x,position_y, position ) VALUES ('32A',725.5, 1125.5,31);
INSERT INTO parchis_cell_position (position_id,position_x,position_y, position ) VALUES ('32B',690.5, 1125.5,32);
INSERT INTO parchis_cell_position (position_id,position_x,position_y, position ) VALUES ('32C',760.5, 1125.5,32);
INSERT INTO parchis_cell_position (position_id,position_x,position_y, position ) VALUES ('33A',725.5, 1075.5,32);
INSERT INTO parchis_cell_position (position_id,position_x,position_y, position ) VALUES ('33B',690.5, 1075.5,33);
INSERT INTO parchis_cell_position (position_id,position_x,position_y, position ) VALUES ('33C',760.5, 1075.5,33);
INSERT INTO parchis_cell_position (position_id,position_x,position_y, position ) VALUES ('34A',725.5, 1025.5,33);
INSERT INTO parchis_cell_position (position_id,position_x,position_y, position ) VALUES ('34B',690.5, 1025.5,34);
INSERT INTO parchis_cell_position (position_id,position_x,position_y, position ) VALUES ('34C',760.5, 1025.5,34);
INSERT INTO parchis_cell_position (position_id,position_x,position_y, position ) VALUES ('35A',725.5, 975.5,34);
INSERT INTO parchis_cell_position (position_id,position_x,position_y, position ) VALUES ('35B',690.5, 975.5,35);
INSERT INTO parchis_cell_position (position_id,position_x,position_y, position ) VALUES ('35C',760.5, 975.5,35);
INSERT INTO parchis_cell_position (position_id,position_x,position_y, position ) VALUES ('36A',725.5, 925.5,35);
INSERT INTO parchis_cell_position (position_id,position_x,position_y, position ) VALUES ('36B',690.5, 925.5,36);
INSERT INTO parchis_cell_position (position_id,position_x,position_y, position ) VALUES ('36C',760.5, 925.5,36);
INSERT INTO parchis_cell_position (position_id,position_x,position_y, position ) VALUES ('37A',725.5, 875.5,36);
INSERT INTO parchis_cell_position (position_id,position_x,position_y, position ) VALUES ('37B',690.5, 875.5,37);
INSERT INTO parchis_cell_position (position_id,position_x,position_y, position ) VALUES ('37C',760.5, 875.5,37);
INSERT INTO parchis_cell_position (position_id,position_x,position_y, position ) VALUES ('38A',725.5, 825.5,37);
INSERT INTO parchis_cell_position (position_id,position_x,position_y, position ) VALUES ('38B',690.5, 825.5,38);
INSERT INTO parchis_cell_position (position_id,position_x,position_y, position ) VALUES ('38C',760.5, 825.5,38);
INSERT INTO parchis_cell_position (position_id,position_x,position_y, position ) VALUES ('39A',700.5, 775.5,38);
INSERT INTO parchis_cell_position (position_id,position_x,position_y, position ) VALUES ('39B',725.5, 775.5,39);
INSERT INTO parchis_cell_position (position_id,position_x,position_y, position ) VALUES ('39C',690.5, 775.5,39);
INSERT INTO parchis_cell_position (position_id,position_x,position_y, position ) VALUES ('40A',775.5, 700.5,39);
INSERT INTO parchis_cell_position (position_id,position_x,position_y, position ) VALUES ('40B',775.5, 675.5,40);
INSERT INTO parchis_cell_position (position_id,position_x,position_y, position ) VALUES ('40C',775.5, 730.5,40);
INSERT INTO parchis_cell_position (position_id,position_x,position_y, position ) VALUES ('41A',825.5, 625.5,40);
INSERT INTO parchis_cell_position (position_id,position_x,position_y, position ) VALUES ('41B',825.5, 690.5,41);
INSERT INTO parchis_cell_position (position_id,position_x,position_y, position ) VALUES ('41C',825.5, 760.5,41);
INSERT INTO parchis_cell_position (position_id,position_x,position_y, position ) VALUES ('42A',875.5, 725.5,41);
INSERT INTO parchis_cell_position (position_id,position_x,position_y, position ) VALUES ('42B',875.5, 690.5,42);
INSERT INTO parchis_cell_position (position_id,position_x,position_y, position ) VALUES ('42C',875.5, 760.5,42);
INSERT INTO parchis_cell_position (position_id,position_x,position_y, position ) VALUES ('43A',925.5, 725.5,42);
INSERT INTO parchis_cell_position (position_id,position_x,position_y, position ) VALUES ('43B',925.5, 690.5,43);
INSERT INTO parchis_cell_position (position_id,position_x,position_y, position ) VALUES ('43C',925.5, 760.5,43);
INSERT INTO parchis_cell_position (position_id,position_x,position_y, position ) VALUES ('44A',975.5, 725.5,43);
INSERT INTO parchis_cell_position (position_id,position_x,position_y, position ) VALUES ('44B',975.5, 690.5,44);
INSERT INTO parchis_cell_position (position_id,position_x,position_y, position ) VALUES ('44C',975.5, 760.5,44);
INSERT INTO parchis_cell_position (position_id,position_x,position_y, position ) VALUES ('45A',1025.5, 725.5,44);
INSERT INTO parchis_cell_position (position_id,position_x,position_y, position ) VALUES ('45B',1025.5, 690.5,45);
INSERT INTO parchis_cell_position (position_id,position_x,position_y, position ) VALUES ('45C',1025.5, 760.5,45);
INSERT INTO parchis_cell_position (position_id,position_x,position_y, position ) VALUES ('46A',1075.5, 725.5,45);
INSERT INTO parchis_cell_position (position_id,position_x,position_y, position ) VALUES ('46B',1075.5, 690.5,46);
INSERT INTO parchis_cell_position (position_id,position_x,position_y, position ) VALUES ('46C',1075.5, 760.5,46);
INSERT INTO parchis_cell_position (position_id,position_x,position_y, position ) VALUES ('47A',1125.5, 725.5,46);
INSERT INTO parchis_cell_position (position_id,position_x,position_y, position ) VALUES ('47B',1125.5, 690.5,47);
INSERT INTO parchis_cell_position (position_id,position_x,position_y, position ) VALUES ('47C',1125.5, 760.5,47);
INSERT INTO parchis_cell_position (position_id,position_x,position_y, position ) VALUES ('48A',1125.5, 575.5,47);
INSERT INTO parchis_cell_position (position_id,position_x,position_y, position ) VALUES ('48B',1125.5, 540.5,48);
INSERT INTO parchis_cell_position (position_id,position_x,position_y, position ) VALUES ('48C',1125.5, 610.5,48);
INSERT INTO parchis_cell_position (position_id,position_x,position_y, position ) VALUES ('49A',1125.5, 425.5,48);
INSERT INTO parchis_cell_position (position_id,position_x,position_y, position ) VALUES ('49B',1125.5, 460.5,49);
INSERT INTO parchis_cell_position (position_id,position_x,position_y, position ) VALUES ('49C',1125.5, 390.5,49);
INSERT INTO parchis_cell_position (position_id,position_x,position_y, position ) VALUES ('50A',1075.5, 425.5,49);
INSERT INTO parchis_cell_position (position_id,position_x,position_y, position ) VALUES ('50B',1075.5, 460.5,50);
INSERT INTO parchis_cell_position (position_id,position_x,position_y, position ) VALUES ('50C',1075.5, 390.5,50);
INSERT INTO parchis_cell_position (position_id,position_x,position_y, position ) VALUES ('51A',1025.5, 425.5,50);
INSERT INTO parchis_cell_position (position_id,position_x,position_y, position ) VALUES ('51B',1025.5, 460.5,51);
INSERT INTO parchis_cell_position (position_id,position_x,position_y, position ) VALUES ('51C',1025.5, 390.5,51);
INSERT INTO parchis_cell_position (position_id,position_x,position_y, position ) VALUES ('52A',975.5, 425.5,51);
INSERT INTO parchis_cell_position (position_id,position_x,position_y, position ) VALUES ('52B',975.5, 460.5,52);
INSERT INTO parchis_cell_position (position_id,position_x,position_y, position ) VALUES ('52C',975.5, 390.5,52);
INSERT INTO parchis_cell_position (position_id,position_x,position_y, position ) VALUES ('53A',925.5, 425.5,52);
INSERT INTO parchis_cell_position (position_id,position_x,position_y, position ) VALUES ('53B',925.5, 460.5,53);
INSERT INTO parchis_cell_position (position_id,position_x,position_y, position ) VALUES ('53C',925.5, 390.5,53);
INSERT INTO parchis_cell_position (position_id,position_x,position_y, position ) VALUES ('54A',875.5, 425.5,53);
INSERT INTO parchis_cell_position (position_id,position_x,position_y, position ) VALUES ('54B',875.5, 460.5,54);
INSERT INTO parchis_cell_position (position_id,position_x,position_y, position ) VALUES ('54C',875.5, 390.5,54);
INSERT INTO parchis_cell_position (position_id,position_x,position_y, position ) VALUES ('55A',825.5, 425.5,54);
INSERT INTO parchis_cell_position (position_id,position_x,position_y, position ) VALUES ('55B',825.5, 460.5,55);
INSERT INTO parchis_cell_position (position_id,position_x,position_y, position ) VALUES ('55C',825.5, 390.5,55);
INSERT INTO parchis_cell_position (position_id,position_x,position_y, position ) VALUES ('56A',775.5, 450.5,55);
INSERT INTO parchis_cell_position (position_id,position_x,position_y, position ) VALUES ('56B',775.5, 475.5,56);
INSERT INTO parchis_cell_position (position_id,position_x,position_y, position ) VALUES ('56C',775.5, 420.5,56);
INSERT INTO parchis_cell_position (position_id,position_x,position_y, position ) VALUES ('57A',700.5, 375.5,56);
INSERT INTO parchis_cell_position (position_id,position_x,position_y, position ) VALUES ('57B',675.5, 460.5,57);
INSERT INTO parchis_cell_position (position_id,position_x,position_y, position ) VALUES ('57C',730.5, 390.5,57);
INSERT INTO parchis_cell_position (position_id,position_x,position_y, position ) VALUES ('58A',725.5, 325.5,57);
INSERT INTO parchis_cell_position (position_id,position_x,position_y, position ) VALUES ('58B',690.5, 325.5,58);
INSERT INTO parchis_cell_position (position_id,position_x,position_y, position ) VALUES ('58C',760.5, 325.5,58);
INSERT INTO parchis_cell_position (position_id,position_x,position_y, position ) VALUES ('59A',725.5, 275.5,58);
INSERT INTO parchis_cell_position (position_id,position_x,position_y, position ) VALUES ('59B',690.5, 275.5,59);
INSERT INTO parchis_cell_position (position_id,position_x,position_y, position ) VALUES ('59C',760.5, 275.5,59);
INSERT INTO parchis_cell_position (position_id,position_x,position_y, position ) VALUES ('60A',725.5, 225.5,59);
INSERT INTO parchis_cell_position (position_id,position_x,position_y, position ) VALUES ('60B',690.5, 225.5,60);
INSERT INTO parchis_cell_position (position_id,position_x,position_y, position ) VALUES ('60C',760.5, 225.5,60);
INSERT INTO parchis_cell_position (position_id,position_x,position_y, position ) VALUES ('61A',725.5, 175.5,60);
INSERT INTO parchis_cell_position (position_id,position_x,position_y, position ) VALUES ('61B',690.5, 175.5,61);
INSERT INTO parchis_cell_position (position_id,position_x,position_y, position ) VALUES ('61C',760.5, 175.5,61);
INSERT INTO parchis_cell_position (position_id,position_x,position_y, position ) VALUES ('62A',725.5, 125.5,61);
INSERT INTO parchis_cell_position (position_id,position_x,position_y, position ) VALUES ('62B',690.5, 125.5,62);
INSERT INTO parchis_cell_position (position_id,position_x,position_y, position ) VALUES ('62C',760.5, 125.5,62);
INSERT INTO parchis_cell_position (position_id,position_x,position_y, position ) VALUES ('63A',725.5, 75.5,62);
INSERT INTO parchis_cell_position (position_id,position_x,position_y, position ) VALUES ('63B',690.5, 75.5,63);
INSERT INTO parchis_cell_position (position_id,position_x,position_y, position ) VALUES ('63C',760.5, 75.5,63);
INSERT INTO parchis_cell_position (position_id,position_x,position_y, position ) VALUES ('64A',725.5, 25.5,63);
INSERT INTO parchis_cell_position (position_id,position_x,position_y, position ) VALUES ('64B',690.5, 25.5,64);
INSERT INTO parchis_cell_position (position_id,position_x,position_y, position ) VALUES ('64C',760.5, 25.5,64);
INSERT INTO parchis_cell_position (position_id,position_x,position_y, position ) VALUES ('65A',575.5, 25.5,64);
INSERT INTO parchis_cell_position (position_id,position_x,position_y, position ) VALUES ('65B',540.5, 25.5,65);
INSERT INTO parchis_cell_position (position_id,position_x,position_y, position ) VALUES ('65C',610.5, 25.5,65);
INSERT INTO parchis_cell_position (position_id,position_x,position_y, position ) VALUES ('66A',425.5, 25.5,65);
INSERT INTO parchis_cell_position (position_id,position_x,position_y, position ) VALUES ('66B',390.5, 25.5,66);
INSERT INTO parchis_cell_position (position_id,position_x,position_y, position ) VALUES ('66C',460.5, 25.5,66);
INSERT INTO parchis_cell_position (position_id,position_x,position_y, position ) VALUES ('67A',425.5, 75.5,66);
INSERT INTO parchis_cell_position (position_id,position_x,position_y, position ) VALUES ('67B',390.5, 75.5,67);
INSERT INTO parchis_cell_position (position_id,position_x,position_y, position ) VALUES ('67C',460.5, 75.5,67);
INSERT INTO parchis_cell_position (position_id,position_x,position_y, position ) VALUES ('68A',425.5, 125.5,67);
INSERT INTO parchis_cell_position (position_id,position_x,position_y, position ) VALUES ('68B',390.5, 125.5,68);
INSERT INTO parchis_cell_position (position_id,position_x,position_y, position ) VALUES ('68C',460.5, 125.5,68);
INSERT INTO parchis_cell_position (position_id,position_x,position_y, position ) VALUES ('RF1A',575.5,75.5,68);
INSERT INTO parchis_cell_position (position_id,position_x,position_y, position ) VALUES ('RF1B',610.5,75.5,69);
INSERT INTO parchis_cell_position (position_id,position_x,position_y, position ) VALUES ('RF1C',540.5,75.5,69);
INSERT INTO parchis_cell_position (position_id,position_x,position_y, position ) VALUES ('RF2A',575.5,125.5,69);
INSERT INTO parchis_cell_position (position_id,position_x,position_y, position ) VALUES ('RF2B',610.5,125.5,70);
INSERT INTO parchis_cell_position (position_id,position_x,position_y, position ) VALUES ('RF2C',540.5,125.5,70);
INSERT INTO parchis_cell_position (position_id,position_x,position_y, position ) VALUES ('RF3A',575.5,175.5,70);
INSERT INTO parchis_cell_position (position_id,position_x,position_y, position ) VALUES ('RF3B',610.5,175.5,71);
INSERT INTO parchis_cell_position (position_id,position_x,position_y, position ) VALUES ('RF3C',540.5,175.5,71);
INSERT INTO parchis_cell_position (position_id,position_x,position_y, position ) VALUES ('RF4A',575.5,225.5,71);
INSERT INTO parchis_cell_position (position_id,position_x,position_y, position ) VALUES ('RF4B',610.5,225.5,72);
INSERT INTO parchis_cell_position (position_id,position_x,position_y, position ) VALUES ('RF4C',540.5,225.5,72);
INSERT INTO parchis_cell_position (position_id,position_x,position_y, position ) VALUES ('RF5A',575.5,275.5,72);
INSERT INTO parchis_cell_position (position_id,position_x,position_y, position ) VALUES ('RF5B',610.5,275.5,73);
INSERT INTO parchis_cell_position (position_id,position_x,position_y, position ) VALUES ('RF5C',540.5,275.5,73);
INSERT INTO parchis_cell_position (position_id,position_x,position_y, position ) VALUES ('RF6A',575.5,325.5,73);
INSERT INTO parchis_cell_position (position_id,position_x,position_y, position ) VALUES ('RF6B',610.5,325.5,74);
INSERT INTO parchis_cell_position (position_id,position_x,position_y, position ) VALUES ('RF6C',540.5,325.5,74);
INSERT INTO parchis_cell_position (position_id,position_x,position_y, position ) VALUES ('RF7A',575.5,375.5,74);
INSERT INTO parchis_cell_position (position_id,position_x,position_y, position ) VALUES ('RF7B',610.5,375.5,75);
INSERT INTO parchis_cell_position (position_id,position_x,position_y, position ) VALUES ('RF7C',540.5,375.5,75);
INSERT INTO parchis_cell_position (position_id,position_x,position_y, position ) VALUES ('RM1',575.5,425.5,75);
INSERT INTO parchis_cell_position (position_id,position_x,position_y, position ) VALUES ('RM2',525.5,475.5,76);
INSERT INTO parchis_cell_position (position_id,position_x,position_y, position ) VALUES ('RM3',575.5,475.5,76);
INSERT INTO parchis_cell_position (position_id,position_x,position_y, position ) VALUES ('RM4',625.5,475.5,76);
INSERT INTO parchis_cell_position (position_id,position_x,position_y, position ) VALUES ('YF1A',75.5,575.5,76);
INSERT INTO parchis_cell_position (position_id,position_x,position_y, position ) VALUES ('YF1B',75.5,540.5,77);
INSERT INTO parchis_cell_position (position_id,position_x,position_y, position ) VALUES ('YF1C',75.5,610.5,77);
INSERT INTO parchis_cell_position (position_id,position_x,position_y, position ) VALUES ('YF2A',125.5,575.5,77);
INSERT INTO parchis_cell_position (position_id,position_x,position_y, position ) VALUES ('YF2B',125.5,540.5,78);
INSERT INTO parchis_cell_position (position_id,position_x,position_y, position ) VALUES ('YF2C',125.5,610.5,78);
INSERT INTO parchis_cell_position (position_id,position_x,position_y, position ) VALUES ('YF3A',175.5,575.5,78);
INSERT INTO parchis_cell_position (position_id,position_x,position_y, position ) VALUES ('YF3B',175.5,540.5,79);
INSERT INTO parchis_cell_position (position_id,position_x,position_y, position ) VALUES ('YF3C',175.5,610.5,79);
INSERT INTO parchis_cell_position (position_id,position_x,position_y, position ) VALUES ('YF4A',225.5,575.5,79);
INSERT INTO parchis_cell_position (position_id,position_x,position_y, position ) VALUES ('YF4B',225.5,540.5,80);
INSERT INTO parchis_cell_position (position_id,position_x,position_y, position ) VALUES ('YF4C',225.5,610.5,80);
INSERT INTO parchis_cell_position (position_id,position_x,position_y, position ) VALUES ('YF5A',275.5,575.5,80);
INSERT INTO parchis_cell_position (position_id,position_x,position_y, position ) VALUES ('YF5B',275.5,540.5,81);
INSERT INTO parchis_cell_position (position_id,position_x,position_y, position ) VALUES ('YF5C',275.5,610.5,81);
INSERT INTO parchis_cell_position (position_id,position_x,position_y, position ) VALUES ('YF6A',325.5,575.5,81);
INSERT INTO parchis_cell_position (position_id,position_x,position_y, position ) VALUES ('YF6B',325.5,540.5,82);
INSERT INTO parchis_cell_position (position_id,position_x,position_y, position ) VALUES ('YF6C',325.5,610.5,82);
INSERT INTO parchis_cell_position (position_id,position_x,position_y, position ) VALUES ('YF7A',375.5,575.5,82);
INSERT INTO parchis_cell_position (position_id,position_x,position_y, position ) VALUES ('YF7B',375.5,540.5,83);
INSERT INTO parchis_cell_position (position_id,position_x,position_y, position ) VALUES ('YF7C',375.5,610.5,83);
INSERT INTO parchis_cell_position (position_id,position_x,position_y, position ) VALUES ('YM1',425.5,575.5,83);
INSERT INTO parchis_cell_position (position_id,position_x,position_y, position ) VALUES ('YM2',475.5,625.5,84);
INSERT INTO parchis_cell_position (position_id,position_x,position_y, position ) VALUES ('YM3',475.5,575.5,84);
INSERT INTO parchis_cell_position (position_id,position_x,position_y, position ) VALUES ('YM4',475.5,525.5,84);
INSERT INTO parchis_cell_position (position_id,position_x,position_y, position ) VALUES ('GF1A',575.5,1075.5,84);
INSERT INTO parchis_cell_position (position_id,position_x,position_y, position ) VALUES ('GF1B',540.5,1075.5,85);
INSERT INTO parchis_cell_position (position_id,position_x,position_y, position ) VALUES ('GF1C',610.5,1075.5,85);
INSERT INTO parchis_cell_position (position_id,position_x,position_y, position ) VALUES ('GF2A',575.5,1025.5,85);
INSERT INTO parchis_cell_position (position_id,position_x,position_y, position ) VALUES ('GF2B',540.5,1025.5,86);
INSERT INTO parchis_cell_position (position_id,position_x,position_y, position ) VALUES ('GF2C',610.5,1025.5,86);
INSERT INTO parchis_cell_position (position_id,position_x,position_y, position ) VALUES ('GF3A',575.5,975.5,86);
INSERT INTO parchis_cell_position (position_id,position_x,position_y, position ) VALUES ('GF3B',540.5,975.5,87);
INSERT INTO parchis_cell_position (position_id,position_x,position_y, position ) VALUES ('GF3C',610.5,975.5,87);
INSERT INTO parchis_cell_position (position_id,position_x,position_y, position ) VALUES ('GF4A',575.5,925.5,87);
INSERT INTO parchis_cell_position (position_id,position_x,position_y, position ) VALUES ('GF4B',540.5,925.5,88);
INSERT INTO parchis_cell_position (position_id,position_x,position_y, position ) VALUES ('GF4C',610.5,925.5,88);
INSERT INTO parchis_cell_position (position_id,position_x,position_y, position ) VALUES ('GF5A',575.5,875.5,88);
INSERT INTO parchis_cell_position (position_id,position_x,position_y, position ) VALUES ('GF5B',540.5,875.5,89);
INSERT INTO parchis_cell_position (position_id,position_x,position_y, position ) VALUES ('GF5C',610.5,875.5,89);
INSERT INTO parchis_cell_position (position_id,position_x,position_y, position ) VALUES ('GF6A',575.5,825.5,89);
INSERT INTO parchis_cell_position (position_id,position_x,position_y, position ) VALUES ('GF6B',540.5,825.5,90);
INSERT INTO parchis_cell_position (position_id,position_x,position_y, position ) VALUES ('GF6C',610.5,825.5,90);
INSERT INTO parchis_cell_position (position_id,position_x,position_y, position ) VALUES ('GF7A',575.5,775.5,90);
INSERT INTO parchis_cell_position (position_id,position_x,position_y, position ) VALUES ('GF7B',540.5,775.5,91);
INSERT INTO parchis_cell_position (position_id,position_x,position_y, position ) VALUES ('GF7C',610.5,775.5,91);
INSERT INTO parchis_cell_position (position_id,position_x,position_y, position ) VALUES ('GM1',575.5,725.5,91);
INSERT INTO parchis_cell_position (position_id,position_x,position_y, position ) VALUES ('GM2',625.5,675.5,92);
INSERT INTO parchis_cell_position (position_id,position_x,position_y, position ) VALUES ('GM3',575.5,675.5,92);
INSERT INTO parchis_cell_position (position_id,position_x,position_y, position ) VALUES ('GM4',525.5,675.5,92);
INSERT INTO parchis_cell_position (position_id,position_x,position_y, position ) VALUES ('BF1A',1075.5,575.5,92);
INSERT INTO parchis_cell_position (position_id,position_x,position_y, position ) VALUES ('BF1B',1075.5,610.5,93);
INSERT INTO parchis_cell_position (position_id,position_x,position_y, position ) VALUES ('BF1C',1075.5,540.5,93);
INSERT INTO parchis_cell_position (position_id,position_x,position_y, position ) VALUES ('BF2A',1025.5,575.5,93);
INSERT INTO parchis_cell_position (position_id,position_x,position_y, position ) VALUES ('BF2B',1025.5,610.5,94);
INSERT INTO parchis_cell_position (position_id,position_x,position_y, position ) VALUES ('BF2C',1025.5,540.5,94);
INSERT INTO parchis_cell_position (position_id,position_x,position_y, position ) VALUES ('BF3A',975.5,575.5,94);
INSERT INTO parchis_cell_position (position_id,position_x,position_y, position ) VALUES ('BF3B',975.5,610.5,95);
INSERT INTO parchis_cell_position (position_id,position_x,position_y, position ) VALUES ('BF3C',975.5,540.5,95);
INSERT INTO parchis_cell_position (position_id,position_x,position_y, position ) VALUES ('BF4A',925.5,575.5,95);
INSERT INTO parchis_cell_position (position_id,position_x,position_y, position ) VALUES ('BF4B',925.5,610.5,96);
INSERT INTO parchis_cell_position (position_id,position_x,position_y, position ) VALUES ('BF4C',925.5,540.5,96);
INSERT INTO parchis_cell_position (position_id,position_x,position_y, position ) VALUES ('BF5A',875.5,575.5,96);
INSERT INTO parchis_cell_position (position_id,position_x,position_y, position ) VALUES ('BF5B',875.5,610.5,97);
INSERT INTO parchis_cell_position (position_id,position_x,position_y, position ) VALUES ('BF5C',875.5,540.5,97);
INSERT INTO parchis_cell_position (position_id,position_x,position_y, position ) VALUES ('BF6A',825.5,575.5,97);
INSERT INTO parchis_cell_position (position_id,position_x,position_y, position ) VALUES ('BF6B',825.5,610.5,98);
INSERT INTO parchis_cell_position (position_id,position_x,position_y, position ) VALUES ('BF6C',825.5,540.5,98);
INSERT INTO parchis_cell_position (position_id,position_x,position_y, position ) VALUES ('BF7A',775.5,575.5,98);
INSERT INTO parchis_cell_position (position_id,position_x,position_y, position ) VALUES ('BF7B',775.5,610.5,99);
INSERT INTO parchis_cell_position (position_id,position_x,position_y, position ) VALUES ('BF7C',775.5,540.5,99);
INSERT INTO parchis_cell_position (position_id,position_x,position_y, position ) VALUES ('BM1',725.5,575.5,99);
INSERT INTO parchis_cell_position (position_id,position_x,position_y, position ) VALUES ('BM2',675.5,525.5,100);
INSERT INTO parchis_cell_position (position_id,position_x,position_y, position ) VALUES ('BM3',675.5,575.5,100);
INSERT INTO parchis_cell_position (position_id,position_x,position_y, position ) VALUES ('BM4',675.5,625.5,100);

INSERT INTO parchis_board(id,background,height,width) VALUES (1,'resources/img/boards/parchis/parchisBoard.svg',1151,1151);
